,,
,The Arsenal Football Club[1],
,The Gunners  Gooners (supporters),
,"11 December 1886; 138 years ago (1886-12-11), as Dial Square",
,Emirates Stadium,
,"60,704",
,Kroenke Sports & Entertainment,
,Stan and Josh Kroenke,
,Mikel Arteta,
,Premier League,
,"Premier League, 2nd of 20",
,www.arsenal.com,
,,
"Home colours













Away colours













Third colours














Home colours",Away colours,Third colours
Home colours,Away colours,Third colours
,,
Current season,,
Home colours,Away colours,Third colours
,,
Men's football Women's football  Men's football,Women's football,
,,
Men's football,Women's football,
Men's academy Women's academy  Men's academy,Women's academy,
,,
Men's academy,Women's academy,
,,
Men's football,Women's football,
,,
Men's academy,Women's academy,
"Royal Arsenal's first crest, adopted in 1888, two years after the formation of the club
		
		
			
			'Monogram' badge used in the 1930 FA Cup Final
		
		
			
			'Art Deco Crest'
		
		
			
			Version of the 'Art Deco Crest' worn in the 1952 FA Cup final
		
		
			
			Cannon featured on shirt from 1960s to 1990s
		
		
			
			VCC crest: used between 1949 and 2002",,
"Arsenal kits[129]


Period

Kit manufacturer

Shirt sponsor (chest)

Shirt sponsor (sleeve)


1886–1930

Unidentified

None

None


1930–1970

Bukta


1971–1981

Umbro


1981–1986

JVC


1986–1994

Adidas


1994–1999

Nike


1999–2002

Dreamcast Sega


2002–2006

O2


2006–2014

Emirates[130]


2014–2018

Puma


2018–2019

Visit Rwanda[131]


2019–present

Adidas[132]

1886–1930
1930–1970
1971–1981
1981–1986
1986–1994
1994–1999
1999–2002
2002–2006
2006–2014
2014–2018
2018–2019
2019–present","Unidentified
Bukta
Umbro
JVC
Adidas
Nike
Dreamcast Sega
O2
Emirates[130]
Puma
Visit Rwanda[131]
Adidas[132]",None
,,
1886–1930,Unidentified,None
1930–1970,Bukta,
1971–1981,Umbro,
1981–1986,JVC,
1986–1994,Adidas,
1994–1999,Nike,
1999–2002,Dreamcast Sega,
2002–2006,O2,
2006–2014,Emirates[130],
2014–2018,Puma,
2018–2019,Visit Rwanda[131],
2019–present,Adidas[132],
,,
1886–1930,Unidentified,None
1930–1970,Bukta,
1971–1981,Umbro,
1981–1986,JVC,
1986–1994,Adidas,
1994–1999,Nike,
1999–2002,Dreamcast Sega,
2002–2006,O2,
2006–2014,Emirates[130],
2014–2018,Puma,
2018–2019,Visit Rwanda[131],
2019–present,Adidas[132],
"No.

Pos. 

Nation

Player


2

DF

 FRA

William Saliba


3

DF

 SCO

Kieran Tierney


4

DF

 ENG

Ben White


5

MF

 GHA

Thomas Partey


6

DF

 BRA

Gabriel Magalhães


7

FW

 ENG

Bukayo Saka


8

MF

 NOR

Martin Ødegaard (captain)[229]


9

FW

 BRA

Gabriel Jesus


11

FW

 BRA

Gabriel Martinelli


12

DF

 NED

Jurriën Timber


15

DF

 POL

Jakub Kiwior

2
3
4
5
6
7
8
9
11
12
15
17
18
19
20
22
23
29
30
32
33
41","DF
DF
DF
MF
DF
FW
MF
FW
FW
DF
DF





No.

Pos. 

Nation

Player


17

DF

 UKR

Oleksandr Zinchenko


18

DF

 JPN

Takehiro Tomiyasu


19

FW

 BEL

Leandro Trossard


20

MF

 ITA

Jorginho


22

GK

 ESP

David Raya


23

MF

 ESP

Mikel Merino


29

MF

 GER

Kai Havertz


30

FW

 ENG

Raheem Sterling (on loan from Chelsea)[230]


32

GK

 BRA

Neto (on loan from Bournemouth)[231]


33

DF

 ITA

Riccardo Calafiori


41

MF

 ENG

Declan Rice

DF
DF
FW
MF
GK
MF
MF
FW
GK
DF
MF","FRA
 SCO
 ENG
 GHA
 BRA
 ENG
 NOR
 BRA
 BRA
 NED
 POL
 UKR
 JPN
 BEL
 ITA
 ESP
 ESP
 GER
 ENG
 BRA
 ITA
 ENG"
,,
2,DF,FRA
3,DF,SCO
4,DF,ENG
5,MF,GHA
6,DF,BRA
7,FW,ENG
8,MF,NOR
9,FW,BRA
11,FW,BRA
12,DF,NED
15,DF,POL
,,
17,DF,UKR
18,DF,JPN
19,FW,BEL
20,MF,ITA
22,GK,ESP
23,MF,ESP
29,MF,GER
30,FW,ENG
32,GK,BRA
33,DF,ITA
41,MF,ENG
,,
2,DF,FRA
3,DF,SCO
4,DF,ENG
5,MF,GHA
6,DF,BRA
7,FW,ENG
8,MF,NOR
9,FW,BRA
11,FW,BRA
12,DF,NED
15,DF,POL
,,
17,DF,UKR
18,DF,JPN
19,FW,BEL
20,MF,ITA
22,GK,ESP
23,MF,ESP
29,MF,GER
30,FW,ENG
32,GK,BRA
33,DF,ITA
41,MF,ENG
"No.

Pos. 

Nation

Player


21

MF

 POR

Fábio Vieira (at Porto until 30 June 2025)[232]


24

FW

 ENG

Reiss Nelson (at Fulham until 30 June 2025)[233]


27

FW

 BRA

Marquinhos (at Cruzeiro until 31 December 2025)[234]

21
24
27
31
—
—","MF
FW
FW





No.

Pos. 

Nation

Player


31

GK

 EST

Karl Hein (at Real Valladolid until 30 June 2025)[235]


—

DF

 POR

Nuno Tavares (at Lazio until 30 June 2025)[236]


—

MF

 BEL

Albert Sambi Lokonga (at Sevilla until 30 June 2025)[237]

GK
DF
MF","POR
 ENG
 BRA
 EST
 POR
 BEL"
,,
21,MF,POR
24,FW,ENG
27,FW,BRA
,,
31,GK,EST
—,DF,POR
—,MF,BEL
,,
21,MF,POR
24,FW,ENG
27,FW,BRA
,,
31,GK,EST
—,DF,POR
—,MF,BEL
"No.

Pos. 

Nation

Player


36

GK

 ENG

Tommy Setford


46

FW

 NED

Ismeal Kabia


47

DF

 ALB

Maldini Kacurri


49

MF

 ENG

Myles Lewis-Skelly

36
46
47
49
51
53
92","GK
FW
DF
MF





No.

Pos. 

Nation

Player


51

DF

 ENG

Josh Nichols


53

MF

 ENG

Ethan Nwaneri


92

GK

 ENG

Jack Porter

DF
MF
GK","ENG
 NED
 ALB
 ENG
 ENG
 ENG
 ENG"
,,
36,GK,ENG
46,FW,NED
47,DF,ALB
49,MF,ENG
,,
51,DF,ENG
53,MF,ENG
92,GK,ENG
,,
36,GK,ENG
46,FW,NED
47,DF,ALB
49,MF,ENG
,,
51,DF,ENG
53,MF,ENG
92,GK,ENG
"No.

Pos. 

Nation

Player


64

FW

 ENG

Charles Sagoe Jr (on loan at Shrewsbury Town until 30 June 2025)[240]

64",FW,ENG
,,
64,FW,ENG
,,
64,FW,ENG
,,
Manager,Mikel Arteta,
Assistant coaches,Albert Stuivenberg,
Carlos Cuesta[244],,
Nicolas Jover[245],,
Miguel Molina[246],,
Goalkeeping coach,Iñaki Caña[247],
Academy manager,Per Mertesacker,
Head of sports medicine and performance,Zafar Iqbal[248],
Managing director,Richard Garlick[249],
Chief commercial officer,Juliet Slot,
Chief financial officer,Stuart Wisely,
Director of football operations,James King[250],
,,
Co-chair,Stan Kroenke,
Co-chair,Josh Kroenke,
Executive Vice-chair,Tim Lewis,
Director,Lord Harris of Peckham,
,,
Domestic,,13
,14,"1929–30, 1935–36, 1949–50, 1970–71, 1978–79, 1992–93, 1997–98, 2001–02, 2002–03, 2004–05, 2013–14, 2014–15, 2016–17, 2019–20"
,2,"1986–87, 1992–93"
,17,"1930, 1931, 1933, 1934, 1938, 1948, 1953, 1991,[note 9] 1998, 1999, 2002, 2004, 2014, 2015, 2017, 2020, 2023"
,1,1988
Continental,,1
,1,1993–94
,,
"Managers
Men
Women
Seasons
Men
Women
Current season
Men
Women",,
,"Arsenal F.C.
Arsenal W.F.C.
Academy
Men
Women",
,"Men
1886–1966
1966–present
Records & statistics
Europe
Women
Ownership
Museum",
,"Men
Manor Ground (1888–1890 & 1893–1913)
Invicta Ground (1890–93)
Highbury (1913–2006)
Emirates Stadium (2006–present)
Women & Academy
Meadow Park (1987–present)",
,"UCL Ground (until 1999)
London Colney (1999–present)",
,"Men
100+ appearances
25–99 appearances
1–24 appearances
Player of the Season
Women",
,"League record by opponent
North London derby
Chelsea rivalry
Manchester City rivalry
Manchester United rivalry",
,"""Good Old Arsenal"" (1971)
""Shouting for the Gunners"" (1993)
""Hot Stuff"" (1998)
""Arsenal Number One"" / ""Our Goal"" (2000)
""The Angel (North London Forever)"" (2022)",
,"Arsenal TV
The Arsenal Stadium Mystery
1939 book
1939 film
Fever Pitch
1992 book
1997 film
All or Nothing: Arsenal (2022 docuseries)",
,"Supporters
Arsenal Supporters' Trust
Gay Gooners",
,"Dial Square F.C.
Royal Ordnance Factories F.C.",
,"The Invincibles
Bank of England club
Emirates Cup
Kroenke Sports & Entertainment
Arsenal tube station
Highbury Square
Gillespie Road
Tuesday Club
Arsenal firm
2000 UEFA Cup final riots
Arsenal v Reed",
"Category
 Commons
 Wikinews
 WikiProject",,
,,
"vteArsenal F.C.  – current squad

2 Saliba
3 Tierney
4 White
5 Partey
6 Gabriel
7 Saka
8 Ødegaard (c)
9 Gabriel Jesus
11 Martinelli
12 Timber
15 Kiwior
17 Zinchenko
18 Tomiyasu
19 Trossard
20 Jorginho
22 Raya
23 Merino
29 Havertz
30 Sterling
32 Neto
33 Calafiori
41 Rice
Manager: Arteta


vteArsenal F.C. – managers
Mitchell (1897–98)
Elcoat (1898–99)
Bradshaw (1899–1904)
Kelso (1904–08)
Morrell (1908–15)
McEwenc (1915–19)
Knighton (1919–25)
Chapman (1925–34)
Shawc (1934)
Allison (1934–47)
Whittaker (1947–56)
Crayston (1956–58)
Swindin (1958–62)
Wright (1962–66)
Mee (1966–76)
Neill (1976–83)
Howe (1983–86)
Burtenshawc (1986)
Graham (1986–95)
Houstonc (1995)
Rioch (1995–96)
Houstonc (1996)
Ricec (1996)
Wenger (1996–2018)
Emery (2018–19)
Ljungbergc (2019)
Arteta (2019–)

(c) = caretaker manager
vteArsenal F.C. – chairpersons
Leavey (1904–12)
Norris (1912–29)
S. Hill-Wood (1929–36)
Lowther (1936)
Forbes (1936–39)
Castlereagh (1939–46)
S. Hill-Wood (1946–49)
Smith (1949–62)
D. Hill-Wood (1962–82)
P. Hill-Wood (1982–2013)
Keswick (2013–20)
S. Kroenke (2020–23)
J. Kroenke & S. Kroenke (2023–present)

vteArsenal F.C. matchesNationalFA CupFinals
1927
1930
1932
1936
1950
1952
1971
1972
1978
1979
1980
1993
1998
2001
2002
2003
2005
2014
2015
2017
2020
Knockout
Wrexham 2–1 Arsenal (1992)
Arsenal 1–2 Manchester United (1999)
League CupFinals
1968
1969
1987
1988
1993
2007
2011
2018
Knockout
Reading 5–7 Arsenal (2012)
FA Community Shields
1930
1931
1933
1934
1935
1936
1938
1948
1953
1979
1989
1991
1993
1998
1999
2002
2003
2004
2005
2014
2015
2017
2020
2023
Notable league matches
Leicester City 6–6 Arsenal (1930)
Aston Villa 1–7 Arsenal (1935)
Liverpool 0–2 Arsenal (1989)
Manchester United–Arsenal brawl (1990)
Battle of Old Trafford (2003)
Battle of the Buffet (2004)
Manchester United 8–2 Arsenal (2011)
ContinentalUEFA Champions League Final
2006
UEFA Cup Winners' Cup Finals
1980
1994
1995
UEFA Europa League Finals
2000
2019
Inter-Cities Fairs Cup Final
1970
European Super Cup
1994
Friendly & unofficialFL War Cup Final
1941
1943
MLS All-Star Game
2016
2023

vteArsenal F.C. seasonsRoyal Arsenal F.C.
1886–87
1887–88
1888–89
1889–90
1890–91
1891–92
1892–93
Woolwich Arsenal F.C.
1893–94
1894–95
1895–96
1896–97
1897–98
1898–99
1899–1900
1900–01
1901–02
1902–03
1903–04
1904–05
1905–06
1906–07
1907–08
1908–09
1909–10
1910–11
1911–12
1912–13
1913–14
Arsenal F.C.
1914–15
1915–16
1916–17
1917–18
1918–19
1919–20
1920–21
1921–22
1922–23
1923–24
1924–25
1925–26
1926–27
1927–28
1928–29
1929–30
1930–31
1931–32
1932–33
1933–34
1934–35
1935–36
1936–37
1937–38
1938–39
1939–40
1940–41
1941–42
1942–43
1943–44
1944–45
1945–46
1946–47
1947–48
1948–49
1949–50
1950–51
1951–52
1952–53
1953–54
1954–55
1955–56
1956–57
1957–58
1958–59
1959–60
1960–61
1961–62
1962–63
1963–64
1964–65
1965–66
1966–67
1967–68
1968–69
1969–70
1970–71
1971–72
1972–73
1973–74
1974–75
1975–76
1976–77
1977–78
1978–79
1979–80
1980–81
1981–82
1982–83
1983–84
1984–85
1985–86
1986–87
1987–88
1988–89
1989–90
1990–91
1991–92
1992–93
1993–94
1994–95
1995–96
1996–97
1997–98
1998–99
1999–2000
2000–01
2001–02
2002–03
2003–04
2004–05
2005–06
2006–07
2007–08
2008–09
2009–10
2010–11
2011–12
2012–13
2013–14
2014–15
2015–16
2016–17
2017–18
2018–19
2019–20
2020–21
2021–22
2022–23
2023–24
2024–25

vteArsenal F.C. Player of the Season
1967: McLintock
1968: Radford
1969: Simpson
1970: Armstrong
1971: Wilson
1972: Rice
1973: Radford
1974: Ball
1975: Rimmer
1976: Brady
1977: Stapleton
1978: Brady
1979: Brady
1980: Stapleton
1981: Sansom
1982: Hollins
1983: Woodcock
1984: Nicholas
1985: Robson
1986: Rocastle
1987: Adams
1988: Thomas
1989: Smith
1990: Adams
1991: Bould
1992: Wright
1993: Wright
1994: Adams
1995: Seaman
1996: Keown
1997: Bergkamp
1998: Parlour
1999: Winterburn
2000: Henry
2001: Vieira
2002: Pires
2003: Henry
2004: Henry
2005: Henry
2006: Lehmann
2007: Fàbregas
2008: Flamini
2009: Van Persie
2010: Fàbregas
2011: Wilshere
2012: Van Persie
2013: Cazorla
2014: Ramsey
2015: Sánchez
2016: Özil
2017: Sánchez
2018: Ramsey
2019: Lacazette
2020: Aubameyang
2021: Saka
2022: Saka
2023: Ødegaard
2024: Ødegaard

vteInter-Cities Fairs Cup winners1950s
1955–58:  Barcelona
1958–60:  Barcelona
1960s
1960–61:  Roma
1961–62:  Valencia
1962–63:  Valencia
1963–64:  Real Zaragoza
1964–65:  Ferencváros
1965–66:  Barcelona
1966–67:  Dinamo Zagreb
1967–68:  Leeds United
1968–69:  Newcastle United
1969–70:  Arsenal
1970s
1970–71:  Leeds United

vteUEFA Cup Winners' Cup winners1960s
1960–61:  Fiorentina
1961–62:  Atlético Madrid
1962–63:  Tottenham Hotspur
1963–64:  Sporting CP
1964–65:  West Ham United
1965–66:  Borussia Dortmund
1966–67:  Bayern Munich
1967–68:  AC Milan
1968–69:  Slovan Bratislava
1969–70:  Manchester City
1970s
1970–71:  Chelsea
1971–72:  Rangers
1972–73:  AC Milan
1973–74:  1. FC Magdeburg
1974–75:  Dynamo Kyiv
1975–76:  Anderlecht
1976–77:  Hamburger SV
1977–78:  Anderlecht
1978–79:  Barcelona
1979–80:  Valencia
1980s
1980–81:  Dinamo Tbilisi
1981–82:  Barcelona
1982–83:  Aberdeen
1983–84:  Juventus
1984–85:  Everton
1985–86:  Dynamo Kyiv
1986–87:  Ajax
1987–88:  Mechelen
1988–89:  Barcelona
1989–90:   Sampdoria
1990s
1990–91:  Manchester United
1991–92:  Werder Bremen
1992–93:  Parma
1993–94:  Arsenal
1994–95:  Zaragoza
1995–96:  Paris Saint-Germain
1996–97:  Barcelona
1997–98:  Chelsea
1998–99:  Lazio

vtePremier LeagueSeasons
1992–93
1993–94
1994–95
1995–96
1996–97
1997–98
1998–99
1999–2000
2000–01
2001–02
2002–03
2003–04
2004–05
2005–06
2006–07
2007–08
2008–09
2009–10
2010–11
2011–12
2012–13
2013–14
2014–15
2015–16
2016–17
2017–18
2018–19
2019–20
2020–21
2021–22
2022–23
2023–24
2024–25
Clubs2024–25
Arsenal
Aston Villa
Bournemouth
Brentford
Brighton & Hove Albion
Chelsea
Crystal Palace
Everton
Fulham
Ipswich Town
Leicester City
Liverpool
Manchester City
Manchester United
Newcastle United
Nottingham Forest
Southampton
Tottenham Hotspur
West Ham United
Wolverhampton Wanderers
Former
Barnsley
Birmingham City
Blackburn Rovers
Blackpool
Bolton Wanderers
Bradford City
Burnley
Cardiff City
Charlton Athletic
Coventry City
Derby County
Huddersfield Town
Hull City
Leeds United 
Luton Town
Middlesbrough
Norwich City
Oldham Athletic
Portsmouth
Queens Park Rangers
Reading
Sheffield United
Sheffield Wednesday
Stoke City
Sunderland
Swansea City
Swindon Town
Watford
West Bromwich Albion
Wigan Athletic
Wimbledon (defunct)
Competition
Teams
winners
performance record
Players
foreign
foreign scorers
winners
Managers
current
Stadiums
Founding
Broadcasters
overseas
in the U.S.
Productions
Referees
Statisticsand awards
Records
All-time table
Hat-tricks
Highest scores
Golden Boot
Golden Glove
Manager of the Season
Player of the Season
Young Player of the Season
Playmaker of the Season
Goal of the Season
Save of the Season
Game Changer of the Season
Most Powerful Goal
Manager of the Month
Player of the Month
Goal of the Month
Save of the Month
Players with 100+ goals
Players with 500+ appearances
Top scorers by season
Goalkeepers with 100+ clean sheets
Goalkeepers who have scored a goal
10 Seasons Awards
20 Seasons Awards
Hall of Fame
Finances
Richest clubs:
Deloitte list
Forbes list
Team owners
Transfer records
Game 39
Premier League–Football League gulf
Parachute and solidarity payments
Associatedcompetitions
Fantasy Premier League
Asia Trophy
FA Community Shield
FA Cup
EFL Cup
UEFA Champions League
UEFA Europa League
UEFA Conference League
Premier League 2
Premier League Cup
Premier Reserve League (defunct)
U18 Premier League
Premier League International Cup
Summer Series
Related media
Fever Pitch: The Rise of the Premier League

 Category

vteFormer members of the G-14 (1998–2008)1998–2008
 Ajax
 Barcelona
 Bayern Munich
 Borussia Dortmund
 Inter Milan
 Juventus
 Liverpool
 Manchester United
 Marseille
 AC Milan
 Paris Saint-Germain
 Porto
 PSV Eindhoven
 Real Madrid
2002–2008
 Arsenal
 Bayer Leverkusen
 Lyon
 Valencia

vteFootball in LondonLeague teams (tiers 1–4)1
Arsenal
Brentford
Chelsea
Crystal Palace
Fulham
Tottenham Hotspur
West Ham United
2
Millwall
Queens Park Rangers
3
Charlton Athletic
Leyton Orient
4
AFC Wimbledon
Bromley
Non-league teams (tiers 5–8)5
Barnet
Dagenham & Redbridge
Sutton United
Wealdstone
6
Enfield Town
Hampton & Richmond Borough
Hornchurch
Welling United
7
Carshalton Athletic
Cray Valley Paper Mills
Cray Wanderers
Dulwich Hamlet
Hanwell Town
Hendon
Wingate & Finchley
8
AFC Croydon Athletic
Beckenham Town
Erith Town
Hadley
Hanworth Villa
Haringey Borough
Harrow Borough
Hayes & Yeading United
Kingstonian
Northwood
Phoenix Sports
Rayners Lane
Raynes Park Vale
Redbridge
Sutton Common Rovers
Uxbridge
Walthamstow
Rivalries
London derbies
Arsenal–Chelsea
Chelsea–Tottenham
Millwall–West Ham
North
South
East
West
Cup competitions
London Senior Cup
London Intermediate Cup
London Junior Cup
London Charity Cup (defunct)
London Challenge Cup (defunct)
See also
The Football Combination
London Football Association
London XI
London League (defunct)
West London League (defunct)

vteKroenke Sports & EntertainmentFounded in 1999Teams
Los Angeles Rams (NFL) (1999–present)
Denver Nuggets (NBA) (2000–present)
Colorado Avalanche (NHL) (2000–present)
Colorado Mammoth (NLL) (2003–present)
Colorado Rapids (MLS) (2004–present)
Arsenal F.C. (Premier League) (2011–present)
Arsenal W.F.C. (FA WSL) (2011–present)
Los Angeles Gladiators (OWL) (2017–present)
Los Angeles Guerrillas (CDL) (2019-present)
Real Estate
SoFi Stadium
Emirates Stadium
London Colney
Highbury Square
Ball Arena
Dick's Sporting Goods Park
Paramount Theatre
Warner Center complex
YouTube Theater
1stBank Center (operator)
People
Stan Kroenke
Ann Walton Kroenke
Josh Kroenke
MediaTelevision
Altitude Sports and Entertainment
Outdoor Sportsman Group
Sportsman Channel
Canada (JV)
Outdoor Channel
MyOutdoorTV.com
World Fishing Network
Radio
KSE Radio Ventures, LLC
KKSE
KKSE-FM
KXKL-FM
KIMN
Magazines
Outdoor Sportsman Group
Bowhunter
Bass Fan
Firearms News
Florida Sportsman
Fly Fisherman
Game & Fish
Guns & Ammo
Gun Dog
Guns & Ammo: Handguns
In-Fisherman
North American Whitetail
Petersen's Bowhunting
Petersen's Hunting
Rifle Shooter
Shallow Water Angler
Shooting Times
Shotgun News
Walleye In-Sider
Wildfowl
Miscellaneous
Ownership of Arsenal F.C. & W.F.C.
Skycam


2 Saliba
3 Tierney
4 White
5 Partey
6 Gabriel
7 Saka
8 Ødegaard (c)
9 Gabriel Jesus
11 Martinelli
12 Timber
15 Kiwior
17 Zinchenko
18 Tomiyasu
19 Trossard
20 Jorginho
22 Raya
23 Merino
29 Havertz
30 Sterling
32 Neto
33 Calafiori
41 Rice
Manager: Arteta


Mitchell (1897–98)
Elcoat (1898–99)
Bradshaw (1899–1904)
Kelso (1904–08)
Morrell (1908–15)
McEwenc (1915–19)
Knighton (1919–25)
Chapman (1925–34)
Shawc (1934)
Allison (1934–47)
Whittaker (1947–56)
Crayston (1956–58)
Swindin (1958–62)
Wright (1962–66)
Mee (1966–76)
Neill (1976–83)
Howe (1983–86)
Burtenshawc (1986)
Graham (1986–95)
Houstonc (1995)
Rioch (1995–96)
Houstonc (1996)
Ricec (1996)
Wenger (1996–2018)
Emery (2018–19)
Ljungbergc (2019)
Arteta (2019–)

(c) = caretaker manager
Leavey (1904–12)
Norris (1912–29)
S. Hill-Wood (1929–36)
Lowther (1936)
Forbes (1936–39)
Castlereagh (1939–46)
S. Hill-Wood (1946–49)
Smith (1949–62)
D. Hill-Wood (1962–82)
P. Hill-Wood (1982–2013)
Keswick (2013–20)
S. Kroenke (2020–23)
J. Kroenke & S. Kroenke (2023–present)

1967: McLintock
1968: Radford
1969: Simpson
1970: Armstrong
1971: Wilson
1972: Rice
1973: Radford
1974: Ball
1975: Rimmer
1976: Brady
1977: Stapleton
1978: Brady
1979: Brady
1980: Stapleton
1981: Sansom
1982: Hollins
1983: Woodcock
1984: Nicholas
1985: Robson
1986: Rocastle
1987: Adams
1988: Thomas
1989: Smith
1990: Adams
1991: Bould
1992: Wright
1993: Wright
1994: Adams
1995: Seaman
1996: Keown
1997: Bergkamp
1998: Parlour
1999: Winterburn
2000: Henry
2001: Vieira
2002: Pires
2003: Henry
2004: Henry
2005: Henry
2006: Lehmann
2007: Fàbregas
2008: Flamini
2009: Van Persie
2010: Fàbregas
2011: Wilshere
2012: Van Persie
2013: Cazorla
2014: Ramsey
2015: Sánchez
2016: Özil
2017: Sánchez
2018: Ramsey
2019: Lacazette
2020: Aubameyang
2021: Saka
2022: Saka
2023: Ødegaard
2024: Ødegaard

 Category
Founded in 1999","FA CupFinals
1927
1930
1932
1936
1950
1952
1971
1972
1978
1979
1980
1993
1998
2001
2002
2003
2005
2014
2015
2017
2020
Knockout
Wrexham 2–1 Arsenal (1992)
Arsenal 1–2 Manchester United (1999)
League CupFinals
1968
1969
1987
1988
1993
2007
2011
2018
Knockout
Reading 5–7 Arsenal (2012)
FA Community Shields
1930
1931
1933
1934
1935
1936
1938
1948
1953
1979
1989
1991
1993
1998
1999
2002
2003
2004
2005
2014
2015
2017
2020
2023
Notable league matches
Leicester City 6–6 Arsenal (1930)
Aston Villa 1–7 Arsenal (1935)
Liverpool 0–2 Arsenal (1989)
Manchester United–Arsenal brawl (1990)
Battle of Old Trafford (2003)
Battle of the Buffet (2004)
Manchester United 8–2 Arsenal (2011)
Finals
1927
1930
1932
1936
1950
1952
1971
1972
1978
1979
1980
1993
1998
2001
2002
2003
2005
2014
2015
2017
2020
Knockout
Wrexham 2–1 Arsenal (1992)
Arsenal 1–2 Manchester United (1999)

1927
1930
1932
1936
1950
1952
1971
1972
1978
1979
1980
1993
1998
2001
2002
2003
2005
2014
2015
2017
2020

Wrexham 2–1 Arsenal (1992)
Arsenal 1–2 Manchester United (1999)
Finals
1968
1969
1987
1988
1993
2007
2011
2018
Knockout
Reading 5–7 Arsenal (2012)

1968
1969
1987
1988
1993
2007
2011
2018

Reading 5–7 Arsenal (2012)

1930
1931
1933
1934
1935
1936
1938
1948
1953
1979
1989
1991
1993
1998
1999
2002
2003
2004
2005
2014
2015
2017
2020
2023

Leicester City 6–6 Arsenal (1930)
Aston Villa 1–7 Arsenal (1935)
Liverpool 0–2 Arsenal (1989)
Manchester United–Arsenal brawl (1990)
Battle of Old Trafford (2003)
Battle of the Buffet (2004)
Manchester United 8–2 Arsenal (2011)
UEFA Champions League Final
2006
UEFA Cup Winners' Cup Finals
1980
1994
1995
UEFA Europa League Finals
2000
2019
Inter-Cities Fairs Cup Final
1970
European Super Cup
1994

2006

1980
1994
1995

2000
2019

1970

1994
FL War Cup Final
1941
1943
MLS All-Star Game
2016
2023

1941
1943

2016
2023

1886–87
1887–88
1888–89
1889–90
1890–91
1891–92
1892–93

1893–94
1894–95
1895–96
1896–97
1897–98
1898–99
1899–1900
1900–01
1901–02
1902–03
1903–04
1904–05
1905–06
1906–07
1907–08
1908–09
1909–10
1910–11
1911–12
1912–13
1913–14

1914–15
1915–16
1916–17
1917–18
1918–19
1919–20
1920–21
1921–22
1922–23
1923–24
1924–25
1925–26
1926–27
1927–28
1928–29
1929–30
1930–31
1931–32
1932–33
1933–34
1934–35
1935–36
1936–37
1937–38
1938–39
1939–40
1940–41
1941–42
1942–43
1943–44
1944–45
1945–46
1946–47
1947–48
1948–49
1949–50
1950–51
1951–52
1952–53
1953–54
1954–55
1955–56
1956–57
1957–58
1958–59
1959–60
1960–61
1961–62
1962–63
1963–64
1964–65
1965–66
1966–67
1967–68
1968–69
1969–70
1970–71
1971–72
1972–73
1973–74
1974–75
1975–76
1976–77
1977–78
1978–79
1979–80
1980–81
1981–82
1982–83
1983–84
1984–85
1985–86
1986–87
1987–88
1988–89
1989–90
1990–91
1991–92
1992–93
1993–94
1994–95
1995–96
1996–97
1997–98
1998–99
1999–2000
2000–01
2001–02
2002–03
2003–04
2004–05
2005–06
2006–07
2007–08
2008–09
2009–10
2010–11
2011–12
2012–13
2013–14
2014–15
2015–16
2016–17
2017–18
2018–19
2019–20
2020–21
2021–22
2022–23
2023–24
2024–25

1955–58:  Barcelona
1958–60:  Barcelona

1960–61:  Roma
1961–62:  Valencia
1962–63:  Valencia
1963–64:  Real Zaragoza
1964–65:  Ferencváros
1965–66:  Barcelona
1966–67:  Dinamo Zagreb
1967–68:  Leeds United
1968–69:  Newcastle United
1969–70:  Arsenal

1970–71:  Leeds United

1960–61:  Fiorentina
1961–62:  Atlético Madrid
1962–63:  Tottenham Hotspur
1963–64:  Sporting CP
1964–65:  West Ham United
1965–66:  Borussia Dortmund
1966–67:  Bayern Munich
1967–68:  AC Milan
1968–69:  Slovan Bratislava
1969–70:  Manchester City

1970–71:  Chelsea
1971–72:  Rangers
1972–73:  AC Milan
1973–74:  1. FC Magdeburg
1974–75:  Dynamo Kyiv
1975–76:  Anderlecht
1976–77:  Hamburger SV
1977–78:  Anderlecht
1978–79:  Barcelona
1979–80:  Valencia

1980–81:  Dinamo Tbilisi
1981–82:  Barcelona
1982–83:  Aberdeen
1983–84:  Juventus
1984–85:  Everton
1985–86:  Dynamo Kyiv
1986–87:  Ajax
1987–88:  Mechelen
1988–89:  Barcelona
1989–90:   Sampdoria

1990–91:  Manchester United
1991–92:  Werder Bremen
1992–93:  Parma
1993–94:  Arsenal
1994–95:  Zaragoza
1995–96:  Paris Saint-Germain
1996–97:  Barcelona
1997–98:  Chelsea
1998–99:  Lazio

1992–93
1993–94
1994–95
1995–96
1996–97
1997–98
1998–99
1999–2000
2000–01
2001–02
2002–03
2003–04
2004–05
2005–06
2006–07
2007–08
2008–09
2009–10
2010–11
2011–12
2012–13
2013–14
2014–15
2015–16
2016–17
2017–18
2018–19
2019–20
2020–21
2021–22
2022–23
2023–24
2024–25
2024–25
Arsenal
Aston Villa
Bournemouth
Brentford
Brighton & Hove Albion
Chelsea
Crystal Palace
Everton
Fulham
Ipswich Town
Leicester City
Liverpool
Manchester City
Manchester United
Newcastle United
Nottingham Forest
Southampton
Tottenham Hotspur
West Ham United
Wolverhampton Wanderers
Former
Barnsley
Birmingham City
Blackburn Rovers
Blackpool
Bolton Wanderers
Bradford City
Burnley
Cardiff City
Charlton Athletic
Coventry City
Derby County
Huddersfield Town
Hull City
Leeds United 
Luton Town
Middlesbrough
Norwich City
Oldham Athletic
Portsmouth
Queens Park Rangers
Reading
Sheffield United
Sheffield Wednesday
Stoke City
Sunderland
Swansea City
Swindon Town
Watford
West Bromwich Albion
Wigan Athletic
Wimbledon (defunct)

Arsenal
Aston Villa
Bournemouth
Brentford
Brighton & Hove Albion
Chelsea
Crystal Palace
Everton
Fulham
Ipswich Town
Leicester City
Liverpool
Manchester City
Manchester United
Newcastle United
Nottingham Forest
Southampton
Tottenham Hotspur
West Ham United
Wolverhampton Wanderers

Barnsley
Birmingham City
Blackburn Rovers
Blackpool
Bolton Wanderers
Bradford City
Burnley
Cardiff City
Charlton Athletic
Coventry City
Derby County
Huddersfield Town
Hull City
Leeds United 
Luton Town
Middlesbrough
Norwich City
Oldham Athletic
Portsmouth
Queens Park Rangers
Reading
Sheffield United
Sheffield Wednesday
Stoke City
Sunderland
Swansea City
Swindon Town
Watford
West Bromwich Albion
Wigan Athletic
Wimbledon (defunct)

Teams
winners
performance record
Players
foreign
foreign scorers
winners
Managers
current
Stadiums
Founding
Broadcasters
overseas
in the U.S.
Productions
Referees

Records
All-time table
Hat-tricks
Highest scores
Golden Boot
Golden Glove
Manager of the Season
Player of the Season
Young Player of the Season
Playmaker of the Season
Goal of the Season
Save of the Season
Game Changer of the Season
Most Powerful Goal
Manager of the Month
Player of the Month
Goal of the Month
Save of the Month
Players with 100+ goals
Players with 500+ appearances
Top scorers by season
Goalkeepers with 100+ clean sheets
Goalkeepers who have scored a goal
10 Seasons Awards
20 Seasons Awards
Hall of Fame

Richest clubs:
Deloitte list
Forbes list
Team owners
Transfer records
Game 39
Premier League–Football League gulf
Parachute and solidarity payments

Fantasy Premier League
Asia Trophy
FA Community Shield
FA Cup
EFL Cup
UEFA Champions League
UEFA Europa League
UEFA Conference League
Premier League 2
Premier League Cup
Premier Reserve League (defunct)
U18 Premier League
Premier League International Cup
Summer Series

Fever Pitch: The Rise of the Premier League

 Ajax
 Barcelona
 Bayern Munich
 Borussia Dortmund
 Inter Milan
 Juventus
 Liverpool
 Manchester United
 Marseille
 AC Milan
 Paris Saint-Germain
 Porto
 PSV Eindhoven
 Real Madrid

 Arsenal
 Bayer Leverkusen
 Lyon
 Valencia
1
Arsenal
Brentford
Chelsea
Crystal Palace
Fulham
Tottenham Hotspur
West Ham United
2
Millwall
Queens Park Rangers
3
Charlton Athletic
Leyton Orient
4
AFC Wimbledon
Bromley

Arsenal
Brentford
Chelsea
Crystal Palace
Fulham
Tottenham Hotspur
West Ham United

Millwall
Queens Park Rangers

Charlton Athletic
Leyton Orient

AFC Wimbledon
Bromley
5
Barnet
Dagenham & Redbridge
Sutton United
Wealdstone
6
Enfield Town
Hampton & Richmond Borough
Hornchurch
Welling United
7
Carshalton Athletic
Cray Valley Paper Mills
Cray Wanderers
Dulwich Hamlet
Hanwell Town
Hendon
Wingate & Finchley
8
AFC Croydon Athletic
Beckenham Town
Erith Town
Hadley
Hanworth Villa
Haringey Borough
Harrow Borough
Hayes & Yeading United
Kingstonian
Northwood
Phoenix Sports
Rayners Lane
Raynes Park Vale
Redbridge
Sutton Common Rovers
Uxbridge
Walthamstow

Barnet
Dagenham & Redbridge
Sutton United
Wealdstone

Enfield Town
Hampton & Richmond Borough
Hornchurch
Welling United

Carshalton Athletic
Cray Valley Paper Mills
Cray Wanderers
Dulwich Hamlet
Hanwell Town
Hendon
Wingate & Finchley

AFC Croydon Athletic
Beckenham Town
Erith Town
Hadley
Hanworth Villa
Haringey Borough
Harrow Borough
Hayes & Yeading United
Kingstonian
Northwood
Phoenix Sports
Rayners Lane
Raynes Park Vale
Redbridge
Sutton Common Rovers
Uxbridge
Walthamstow

London derbies
Arsenal–Chelsea
Chelsea–Tottenham
Millwall–West Ham
North
South
East
West

London Senior Cup
London Intermediate Cup
London Junior Cup
London Charity Cup (defunct)
London Challenge Cup (defunct)

The Football Combination
London Football Association
London XI
London League (defunct)
West London League (defunct)

Los Angeles Rams (NFL) (1999–present)
Denver Nuggets (NBA) (2000–present)
Colorado Avalanche (NHL) (2000–present)
Colorado Mammoth (NLL) (2003–present)
Colorado Rapids (MLS) (2004–present)
Arsenal F.C. (Premier League) (2011–present)
Arsenal W.F.C. (FA WSL) (2011–present)
Los Angeles Gladiators (OWL) (2017–present)
Los Angeles Guerrillas (CDL) (2019-present)

SoFi Stadium
Emirates Stadium
London Colney
Highbury Square
Ball Arena
Dick's Sporting Goods Park
Paramount Theatre
Warner Center complex
YouTube Theater
1stBank Center (operator)

Stan Kroenke
Ann Walton Kroenke
Josh Kroenke
Television
Altitude Sports and Entertainment
Outdoor Sportsman Group
Sportsman Channel
Canada (JV)
Outdoor Channel
MyOutdoorTV.com
World Fishing Network
Radio
KSE Radio Ventures, LLC
KKSE
KKSE-FM
KXKL-FM
KIMN
Magazines
Outdoor Sportsman Group
Bowhunter
Bass Fan
Firearms News
Florida Sportsman
Fly Fisherman
Game & Fish
Guns & Ammo
Gun Dog
Guns & Ammo: Handguns
In-Fisherman
North American Whitetail
Petersen's Bowhunting
Petersen's Hunting
Rifle Shooter
Shallow Water Angler
Shooting Times
Shotgun News
Walleye In-Sider
Wildfowl

Altitude Sports and Entertainment
Outdoor Sportsman Group
Sportsman Channel
Canada (JV)
Outdoor Channel
MyOutdoorTV.com
World Fishing Network

KSE Radio Ventures, LLC
KKSE
KKSE-FM
KXKL-FM
KIMN

Outdoor Sportsman Group
Bowhunter
Bass Fan
Firearms News
Florida Sportsman
Fly Fisherman
Game & Fish
Guns & Ammo
Gun Dog
Guns & Ammo: Handguns
In-Fisherman
North American Whitetail
Petersen's Bowhunting
Petersen's Hunting
Rifle Shooter
Shallow Water Angler
Shooting Times
Shotgun News
Walleye In-Sider
Wildfowl

Ownership of Arsenal F.C. & W.F.C.
Skycam",
,,
"2 Saliba
3 Tierney
4 White
5 Partey
6 Gabriel
7 Saka
8 Ødegaard (c)
9 Gabriel Jesus
11 Martinelli
12 Timber
15 Kiwior
17 Zinchenko
18 Tomiyasu
19 Trossard
20 Jorginho
22 Raya
23 Merino
29 Havertz
30 Sterling
32 Neto
33 Calafiori
41 Rice
Manager: Arteta",,
,,
"Mitchell (1897–98)
Elcoat (1898–99)
Bradshaw (1899–1904)
Kelso (1904–08)
Morrell (1908–15)
McEwenc (1915–19)
Knighton (1919–25)
Chapman (1925–34)
Shawc (1934)
Allison (1934–47)
Whittaker (1947–56)
Crayston (1956–58)
Swindin (1958–62)
Wright (1962–66)
Mee (1966–76)
Neill (1976–83)
Howe (1983–86)
Burtenshawc (1986)
Graham (1986–95)
Houstonc (1995)
Rioch (1995–96)
Houstonc (1996)
Ricec (1996)
Wenger (1996–2018)
Emery (2018–19)
Ljungbergc (2019)
Arteta (2019–)

(c) = caretaker manager",,
,,
"Leavey (1904–12)
Norris (1912–29)
S. Hill-Wood (1929–36)
Lowther (1936)
Forbes (1936–39)
Castlereagh (1939–46)
S. Hill-Wood (1946–49)
Smith (1949–62)
D. Hill-Wood (1962–82)
P. Hill-Wood (1982–2013)
Keswick (2013–20)
S. Kroenke (2020–23)
J. Kroenke & S. Kroenke (2023–present)",,
,,
,"FA CupFinals
1927
1930
1932
1936
1950
1952
1971
1972
1978
1979
1980
1993
1998
2001
2002
2003
2005
2014
2015
2017
2020
Knockout
Wrexham 2–1 Arsenal (1992)
Arsenal 1–2 Manchester United (1999)
League CupFinals
1968
1969
1987
1988
1993
2007
2011
2018
Knockout
Reading 5–7 Arsenal (2012)
FA Community Shields
1930
1931
1933
1934
1935
1936
1938
1948
1953
1979
1989
1991
1993
1998
1999
2002
2003
2004
2005
2014
2015
2017
2020
2023
Notable league matches
Leicester City 6–6 Arsenal (1930)
Aston Villa 1–7 Arsenal (1935)
Liverpool 0–2 Arsenal (1989)
Manchester United–Arsenal brawl (1990)
Battle of Old Trafford (2003)
Battle of the Buffet (2004)
Manchester United 8–2 Arsenal (2011)
Finals
1927
1930
1932
1936
1950
1952
1971
1972
1978
1979
1980
1993
1998
2001
2002
2003
2005
2014
2015
2017
2020
Knockout
Wrexham 2–1 Arsenal (1992)
Arsenal 1–2 Manchester United (1999)

1927
1930
1932
1936
1950
1952
1971
1972
1978
1979
1980
1993
1998
2001
2002
2003
2005
2014
2015
2017
2020

Wrexham 2–1 Arsenal (1992)
Arsenal 1–2 Manchester United (1999)
Finals
1968
1969
1987
1988
1993
2007
2011
2018
Knockout
Reading 5–7 Arsenal (2012)

1968
1969
1987
1988
1993
2007
2011
2018

Reading 5–7 Arsenal (2012)

1930
1931
1933
1934
1935
1936
1938
1948
1953
1979
1989
1991
1993
1998
1999
2002
2003
2004
2005
2014
2015
2017
2020
2023

Leicester City 6–6 Arsenal (1930)
Aston Villa 1–7 Arsenal (1935)
Liverpool 0–2 Arsenal (1989)
Manchester United–Arsenal brawl (1990)
Battle of Old Trafford (2003)
Battle of the Buffet (2004)
Manchester United 8–2 Arsenal (2011)",
,"Finals
1927
1930
1932
1936
1950
1952
1971
1972
1978
1979
1980
1993
1998
2001
2002
2003
2005
2014
2015
2017
2020
Knockout
Wrexham 2–1 Arsenal (1992)
Arsenal 1–2 Manchester United (1999)

1927
1930
1932
1936
1950
1952
1971
1972
1978
1979
1980
1993
1998
2001
2002
2003
2005
2014
2015
2017
2020

Wrexham 2–1 Arsenal (1992)
Arsenal 1–2 Manchester United (1999)",
,"1927
1930
1932
1936
1950
1952
1971
1972
1978
1979
1980
1993
1998
2001
2002
2003
2005
2014
2015
2017
2020",
,"Wrexham 2–1 Arsenal (1992)
Arsenal 1–2 Manchester United (1999)",
,"Finals
1968
1969
1987
1988
1993
2007
2011
2018
Knockout
Reading 5–7 Arsenal (2012)

1968
1969
1987
1988
1993
2007
2011
2018

Reading 5–7 Arsenal (2012)",
,"1968
1969
1987
1988
1993
2007
2011
2018",
,Reading 5–7 Arsenal (2012),
,"1930
1931
1933
1934
1935
1936
1938
1948
1953
1979
1989
1991
1993
1998
1999
2002
2003
2004
2005
2014
2015
2017
2020
2023",
,"Leicester City 6–6 Arsenal (1930)
Aston Villa 1–7 Arsenal (1935)
Liverpool 0–2 Arsenal (1989)
Manchester United–Arsenal brawl (1990)
Battle of Old Trafford (2003)
Battle of the Buffet (2004)
Manchester United 8–2 Arsenal (2011)",
,"UEFA Champions League Final
2006
UEFA Cup Winners' Cup Finals
1980
1994
1995
UEFA Europa League Finals
2000
2019
Inter-Cities Fairs Cup Final
1970
European Super Cup
1994

2006

1980
1994
1995

2000
2019

1970

1994",
,2006,
,"1980
1994
1995",
,"2000
2019",
,1970,
,1994,
,"FL War Cup Final
1941
1943
MLS All-Star Game
2016
2023

1941
1943

2016
2023",
,"1941
1943",
,"2016
2023",
,,
,"1886–87
1887–88
1888–89
1889–90
1890–91
1891–92
1892–93",
,"1893–94
1894–95
1895–96
1896–97
1897–98
1898–99
1899–1900
1900–01
1901–02
1902–03
1903–04
1904–05
1905–06
1906–07
1907–08
1908–09
1909–10
1910–11
1911–12
1912–13
1913–14",
,"1914–15
1915–16
1916–17
1917–18
1918–19
1919–20
1920–21
1921–22
1922–23
1923–24
1924–25
1925–26
1926–27
1927–28
1928–29
1929–30
1930–31
1931–32
1932–33
1933–34
1934–35
1935–36
1936–37
1937–38
1938–39
1939–40
1940–41
1941–42
1942–43
1943–44
1944–45
1945–46
1946–47
1947–48
1948–49
1949–50
1950–51
1951–52
1952–53
1953–54
1954–55
1955–56
1956–57
1957–58
1958–59
1959–60
1960–61
1961–62
1962–63
1963–64
1964–65
1965–66
1966–67
1967–68
1968–69
1969–70
1970–71
1971–72
1972–73
1973–74
1974–75
1975–76
1976–77
1977–78
1978–79
1979–80
1980–81
1981–82
1982–83
1983–84
1984–85
1985–86
1986–87
1987–88
1988–89
1989–90
1990–91
1991–92
1992–93
1993–94
1994–95
1995–96
1996–97
1997–98
1998–99
1999–2000
2000–01
2001–02
2002–03
2003–04
2004–05
2005–06
2006–07
2007–08
2008–09
2009–10
2010–11
2011–12
2012–13
2013–14
2014–15
2015–16
2016–17
2017–18
2018–19
2019–20
2020–21
2021–22
2022–23
2023–24
2024–25",
,,
"1967: McLintock
1968: Radford
1969: Simpson
1970: Armstrong
1971: Wilson
1972: Rice
1973: Radford
1974: Ball
1975: Rimmer
1976: Brady
1977: Stapleton
1978: Brady
1979: Brady
1980: Stapleton
1981: Sansom
1982: Hollins
1983: Woodcock
1984: Nicholas
1985: Robson
1986: Rocastle
1987: Adams
1988: Thomas
1989: Smith
1990: Adams
1991: Bould
1992: Wright
1993: Wright
1994: Adams
1995: Seaman
1996: Keown
1997: Bergkamp
1998: Parlour
1999: Winterburn
2000: Henry
2001: Vieira
2002: Pires
2003: Henry
2004: Henry
2005: Henry
2006: Lehmann
2007: Fàbregas
2008: Flamini
2009: Van Persie
2010: Fàbregas
2011: Wilshere
2012: Van Persie
2013: Cazorla
2014: Ramsey
2015: Sánchez
2016: Özil
2017: Sánchez
2018: Ramsey
2019: Lacazette
2020: Aubameyang
2021: Saka
2022: Saka
2023: Ødegaard
2024: Ødegaard",,
,,
,"1955–58:  Barcelona
1958–60:  Barcelona",
,"1960–61:  Roma
1961–62:  Valencia
1962–63:  Valencia
1963–64:  Real Zaragoza
1964–65:  Ferencváros
1965–66:  Barcelona
1966–67:  Dinamo Zagreb
1967–68:  Leeds United
1968–69:  Newcastle United
1969–70:  Arsenal",
,1970–71:  Leeds United,
,,
,"1960–61:  Fiorentina
1961–62:  Atlético Madrid
1962–63:  Tottenham Hotspur
1963–64:  Sporting CP
1964–65:  West Ham United
1965–66:  Borussia Dortmund
1966–67:  Bayern Munich
1967–68:  AC Milan
1968–69:  Slovan Bratislava
1969–70:  Manchester City",
,"1970–71:  Chelsea
1971–72:  Rangers
1972–73:  AC Milan
1973–74:  1. FC Magdeburg
1974–75:  Dynamo Kyiv
1975–76:  Anderlecht
1976–77:  Hamburger SV
1977–78:  Anderlecht
1978–79:  Barcelona
1979–80:  Valencia",
,"1980–81:  Dinamo Tbilisi
1981–82:  Barcelona
1982–83:  Aberdeen
1983–84:  Juventus
1984–85:  Everton
1985–86:  Dynamo Kyiv
1986–87:  Ajax
1987–88:  Mechelen
1988–89:  Barcelona
1989–90:   Sampdoria",
,"1990–91:  Manchester United
1991–92:  Werder Bremen
1992–93:  Parma
1993–94:  Arsenal
1994–95:  Zaragoza
1995–96:  Paris Saint-Germain
1996–97:  Barcelona
1997–98:  Chelsea
1998–99:  Lazio",
,,
,"1992–93
1993–94
1994–95
1995–96
1996–97
1997–98
1998–99
1999–2000
2000–01
2001–02
2002–03
2003–04
2004–05
2005–06
2006–07
2007–08
2008–09
2009–10
2010–11
2011–12
2012–13
2013–14
2014–15
2015–16
2016–17
2017–18
2018–19
2019–20
2020–21
2021–22
2022–23
2023–24
2024–25",
,"2024–25
Arsenal
Aston Villa
Bournemouth
Brentford
Brighton & Hove Albion
Chelsea
Crystal Palace
Everton
Fulham
Ipswich Town
Leicester City
Liverpool
Manchester City
Manchester United
Newcastle United
Nottingham Forest
Southampton
Tottenham Hotspur
West Ham United
Wolverhampton Wanderers
Former
Barnsley
Birmingham City
Blackburn Rovers
Blackpool
Bolton Wanderers
Bradford City
Burnley
Cardiff City
Charlton Athletic
Coventry City
Derby County
Huddersfield Town
Hull City
Leeds United 
Luton Town
Middlesbrough
Norwich City
Oldham Athletic
Portsmouth
Queens Park Rangers
Reading
Sheffield United
Sheffield Wednesday
Stoke City
Sunderland
Swansea City
Swindon Town
Watford
West Bromwich Albion
Wigan Athletic
Wimbledon (defunct)

Arsenal
Aston Villa
Bournemouth
Brentford
Brighton & Hove Albion
Chelsea
Crystal Palace
Everton
Fulham
Ipswich Town
Leicester City
Liverpool
Manchester City
Manchester United
Newcastle United
Nottingham Forest
Southampton
Tottenham Hotspur
West Ham United
Wolverhampton Wanderers

Barnsley
Birmingham City
Blackburn Rovers
Blackpool
Bolton Wanderers
Bradford City
Burnley
Cardiff City
Charlton Athletic
Coventry City
Derby County
Huddersfield Town
Hull City
Leeds United 
Luton Town
Middlesbrough
Norwich City
Oldham Athletic
Portsmouth
Queens Park Rangers
Reading
Sheffield United
Sheffield Wednesday
Stoke City
Sunderland
Swansea City
Swindon Town
Watford
West Bromwich Albion
Wigan Athletic
Wimbledon (defunct)",
,"Arsenal
Aston Villa
Bournemouth
Brentford
Brighton & Hove Albion
Chelsea
Crystal Palace
Everton
Fulham
Ipswich Town
Leicester City
Liverpool
Manchester City
Manchester United
Newcastle United
Nottingham Forest
Southampton
Tottenham Hotspur
West Ham United
Wolverhampton Wanderers",
,"Barnsley
Birmingham City
Blackburn Rovers
Blackpool
Bolton Wanderers
Bradford City
Burnley
Cardiff City
Charlton Athletic
Coventry City
Derby County
Huddersfield Town
Hull City
Leeds United 
Luton Town
Middlesbrough
Norwich City
Oldham Athletic
Portsmouth
Queens Park Rangers
Reading
Sheffield United
Sheffield Wednesday
Stoke City
Sunderland
Swansea City
Swindon Town
Watford
West Bromwich Albion
Wigan Athletic
Wimbledon (defunct)",
,"Teams
winners
performance record
Players
foreign
foreign scorers
winners
Managers
current
Stadiums
Founding
Broadcasters
overseas
in the U.S.
Productions
Referees",
,"Records
All-time table
Hat-tricks
Highest scores
Golden Boot
Golden Glove
Manager of the Season
Player of the Season
Young Player of the Season
Playmaker of the Season
Goal of the Season
Save of the Season
Game Changer of the Season
Most Powerful Goal
Manager of the Month
Player of the Month
Goal of the Month
Save of the Month
Players with 100+ goals
Players with 500+ appearances
Top scorers by season
Goalkeepers with 100+ clean sheets
Goalkeepers who have scored a goal
10 Seasons Awards
20 Seasons Awards
Hall of Fame",
,"Richest clubs:
Deloitte list
Forbes list
Team owners
Transfer records
Game 39
Premier League–Football League gulf
Parachute and solidarity payments",
,"Fantasy Premier League
Asia Trophy
FA Community Shield
FA Cup
EFL Cup
UEFA Champions League
UEFA Europa League
UEFA Conference League
Premier League 2
Premier League Cup
Premier Reserve League (defunct)
U18 Premier League
Premier League International Cup
Summer Series",
,Fever Pitch: The Rise of the Premier League,
Category,,
,,
,"Ajax
 Barcelona
 Bayern Munich
 Borussia Dortmund
 Inter Milan
 Juventus
 Liverpool
 Manchester United
 Marseille
 AC Milan
 Paris Saint-Germain
 Porto
 PSV Eindhoven
 Real Madrid",
,"Arsenal
 Bayer Leverkusen
 Lyon
 Valencia",
,,
,"1
Arsenal
Brentford
Chelsea
Crystal Palace
Fulham
Tottenham Hotspur
West Ham United
2
Millwall
Queens Park Rangers
3
Charlton Athletic
Leyton Orient
4
AFC Wimbledon
Bromley

Arsenal
Brentford
Chelsea
Crystal Palace
Fulham
Tottenham Hotspur
West Ham United

Millwall
Queens Park Rangers

Charlton Athletic
Leyton Orient

AFC Wimbledon
Bromley",
,"Arsenal
Brentford
Chelsea
Crystal Palace
Fulham
Tottenham Hotspur
West Ham United",
,"Millwall
Queens Park Rangers",
,"Charlton Athletic
Leyton Orient",
,"AFC Wimbledon
Bromley",
,"5
Barnet
Dagenham & Redbridge
Sutton United
Wealdstone
6
Enfield Town
Hampton & Richmond Borough
Hornchurch
Welling United
7
Carshalton Athletic
Cray Valley Paper Mills
Cray Wanderers
Dulwich Hamlet
Hanwell Town
Hendon
Wingate & Finchley
8
AFC Croydon Athletic
Beckenham Town
Erith Town
Hadley
Hanworth Villa
Haringey Borough
Harrow Borough
Hayes & Yeading United
Kingstonian
Northwood
Phoenix Sports
Rayners Lane
Raynes Park Vale
Redbridge
Sutton Common Rovers
Uxbridge
Walthamstow

Barnet
Dagenham & Redbridge
Sutton United
Wealdstone

Enfield Town
Hampton & Richmond Borough
Hornchurch
Welling United

Carshalton Athletic
Cray Valley Paper Mills
Cray Wanderers
Dulwich Hamlet
Hanwell Town
Hendon
Wingate & Finchley

AFC Croydon Athletic
Beckenham Town
Erith Town
Hadley
Hanworth Villa
Haringey Borough
Harrow Borough
Hayes & Yeading United
Kingstonian
Northwood
Phoenix Sports
Rayners Lane
Raynes Park Vale
Redbridge
Sutton Common Rovers
Uxbridge
Walthamstow",
,"Barnet
Dagenham & Redbridge
Sutton United
Wealdstone",
,"Enfield Town
Hampton & Richmond Borough
Hornchurch
Welling United",
,"Carshalton Athletic
Cray Valley Paper Mills
Cray Wanderers
Dulwich Hamlet
Hanwell Town
Hendon
Wingate & Finchley",
,"AFC Croydon Athletic
Beckenham Town
Erith Town
Hadley
Hanworth Villa
Haringey Borough
Harrow Borough
Hayes & Yeading United
Kingstonian
Northwood
Phoenix Sports
Rayners Lane
Raynes Park Vale
Redbridge
Sutton Common Rovers
Uxbridge
Walthamstow",
,"London derbies
Arsenal–Chelsea
Chelsea–Tottenham
Millwall–West Ham
North
South
East
West",
,"London Senior Cup
London Intermediate Cup
London Junior Cup
London Charity Cup (defunct)
London Challenge Cup (defunct)",
,"The Football Combination
London Football Association
London XI
London League (defunct)
West London League (defunct)",
,,
Founded in 1999,,
,"Los Angeles Rams (NFL) (1999–present)
Denver Nuggets (NBA) (2000–present)
Colorado Avalanche (NHL) (2000–present)
Colorado Mammoth (NLL) (2003–present)
Colorado Rapids (MLS) (2004–present)
Arsenal F.C. (Premier League) (2011–present)
Arsenal W.F.C. (FA WSL) (2011–present)
Los Angeles Gladiators (OWL) (2017–present)
Los Angeles Guerrillas (CDL) (2019-present)",
,"SoFi Stadium
Emirates Stadium
London Colney
Highbury Square
Ball Arena
Dick's Sporting Goods Park
Paramount Theatre
Warner Center complex
YouTube Theater
1stBank Center (operator)",
,"Stan Kroenke
Ann Walton Kroenke
Josh Kroenke",
,"Television
Altitude Sports and Entertainment
Outdoor Sportsman Group
Sportsman Channel
Canada (JV)
Outdoor Channel
MyOutdoorTV.com
World Fishing Network
Radio
KSE Radio Ventures, LLC
KKSE
KKSE-FM
KXKL-FM
KIMN
Magazines
Outdoor Sportsman Group
Bowhunter
Bass Fan
Firearms News
Florida Sportsman
Fly Fisherman
Game & Fish
Guns & Ammo
Gun Dog
Guns & Ammo: Handguns
In-Fisherman
North American Whitetail
Petersen's Bowhunting
Petersen's Hunting
Rifle Shooter
Shallow Water Angler
Shooting Times
Shotgun News
Walleye In-Sider
Wildfowl

Altitude Sports and Entertainment
Outdoor Sportsman Group
Sportsman Channel
Canada (JV)
Outdoor Channel
MyOutdoorTV.com
World Fishing Network

KSE Radio Ventures, LLC
KKSE
KKSE-FM
KXKL-FM
KIMN

Outdoor Sportsman Group
Bowhunter
Bass Fan
Firearms News
Florida Sportsman
Fly Fisherman
Game & Fish
Guns & Ammo
Gun Dog
Guns & Ammo: Handguns
In-Fisherman
North American Whitetail
Petersen's Bowhunting
Petersen's Hunting
Rifle Shooter
Shallow Water Angler
Shooting Times
Shotgun News
Walleye In-Sider
Wildfowl",
,"Altitude Sports and Entertainment
Outdoor Sportsman Group
Sportsman Channel
Canada (JV)
Outdoor Channel
MyOutdoorTV.com
World Fishing Network",
,"KSE Radio Ventures, LLC
KKSE
KKSE-FM
KXKL-FM
KIMN",
,"Outdoor Sportsman Group
Bowhunter
Bass Fan
Firearms News
Florida Sportsman
Fly Fisherman
Game & Fish
Guns & Ammo
Gun Dog
Guns & Ammo: Handguns
In-Fisherman
North American Whitetail
Petersen's Bowhunting
Petersen's Hunting
Rifle Shooter
Shallow Water Angler
Shooting Times
Shotgun News
Walleye In-Sider
Wildfowl",
,"Ownership of Arsenal F.C. & W.F.C.
Skycam",
,,
"2 Saliba
3 Tierney
4 White
5 Partey
6 Gabriel
7 Saka
8 Ødegaard (c)
9 Gabriel Jesus
11 Martinelli
12 Timber
15 Kiwior
17 Zinchenko
18 Tomiyasu
19 Trossard
20 Jorginho
22 Raya
23 Merino
29 Havertz
30 Sterling
32 Neto
33 Calafiori
41 Rice
Manager: Arteta",,
,,
"Mitchell (1897–98)
Elcoat (1898–99)
Bradshaw (1899–1904)
Kelso (1904–08)
Morrell (1908–15)
McEwenc (1915–19)
Knighton (1919–25)
Chapman (1925–34)
Shawc (1934)
Allison (1934–47)
Whittaker (1947–56)
Crayston (1956–58)
Swindin (1958–62)
Wright (1962–66)
Mee (1966–76)
Neill (1976–83)
Howe (1983–86)
Burtenshawc (1986)
Graham (1986–95)
Houstonc (1995)
Rioch (1995–96)
Houstonc (1996)
Ricec (1996)
Wenger (1996–2018)
Emery (2018–19)
Ljungbergc (2019)
Arteta (2019–)

(c) = caretaker manager",,
,,
"Leavey (1904–12)
Norris (1912–29)
S. Hill-Wood (1929–36)
Lowther (1936)
Forbes (1936–39)
Castlereagh (1939–46)
S. Hill-Wood (1946–49)
Smith (1949–62)
D. Hill-Wood (1962–82)
P. Hill-Wood (1982–2013)
Keswick (2013–20)
S. Kroenke (2020–23)
J. Kroenke & S. Kroenke (2023–present)",,
,,
,"FA CupFinals
1927
1930
1932
1936
1950
1952
1971
1972
1978
1979
1980
1993
1998
2001
2002
2003
2005
2014
2015
2017
2020
Knockout
Wrexham 2–1 Arsenal (1992)
Arsenal 1–2 Manchester United (1999)
League CupFinals
1968
1969
1987
1988
1993
2007
2011
2018
Knockout
Reading 5–7 Arsenal (2012)
FA Community Shields
1930
1931
1933
1934
1935
1936
1938
1948
1953
1979
1989
1991
1993
1998
1999
2002
2003
2004
2005
2014
2015
2017
2020
2023
Notable league matches
Leicester City 6–6 Arsenal (1930)
Aston Villa 1–7 Arsenal (1935)
Liverpool 0–2 Arsenal (1989)
Manchester United–Arsenal brawl (1990)
Battle of Old Trafford (2003)
Battle of the Buffet (2004)
Manchester United 8–2 Arsenal (2011)
Finals
1927
1930
1932
1936
1950
1952
1971
1972
1978
1979
1980
1993
1998
2001
2002
2003
2005
2014
2015
2017
2020
Knockout
Wrexham 2–1 Arsenal (1992)
Arsenal 1–2 Manchester United (1999)

1927
1930
1932
1936
1950
1952
1971
1972
1978
1979
1980
1993
1998
2001
2002
2003
2005
2014
2015
2017
2020

Wrexham 2–1 Arsenal (1992)
Arsenal 1–2 Manchester United (1999)
Finals
1968
1969
1987
1988
1993
2007
2011
2018
Knockout
Reading 5–7 Arsenal (2012)

1968
1969
1987
1988
1993
2007
2011
2018

Reading 5–7 Arsenal (2012)

1930
1931
1933
1934
1935
1936
1938
1948
1953
1979
1989
1991
1993
1998
1999
2002
2003
2004
2005
2014
2015
2017
2020
2023

Leicester City 6–6 Arsenal (1930)
Aston Villa 1–7 Arsenal (1935)
Liverpool 0–2 Arsenal (1989)
Manchester United–Arsenal brawl (1990)
Battle of Old Trafford (2003)
Battle of the Buffet (2004)
Manchester United 8–2 Arsenal (2011)",
,"Finals
1927
1930
1932
1936
1950
1952
1971
1972
1978
1979
1980
1993
1998
2001
2002
2003
2005
2014
2015
2017
2020
Knockout
Wrexham 2–1 Arsenal (1992)
Arsenal 1–2 Manchester United (1999)

1927
1930
1932
1936
1950
1952
1971
1972
1978
1979
1980
1993
1998
2001
2002
2003
2005
2014
2015
2017
2020

Wrexham 2–1 Arsenal (1992)
Arsenal 1–2 Manchester United (1999)",
,"1927
1930
1932
1936
1950
1952
1971
1972
1978
1979
1980
1993
1998
2001
2002
2003
2005
2014
2015
2017
2020",
,"Wrexham 2–1 Arsenal (1992)
Arsenal 1–2 Manchester United (1999)",
,"Finals
1968
1969
1987
1988
1993
2007
2011
2018
Knockout
Reading 5–7 Arsenal (2012)

1968
1969
1987
1988
1993
2007
2011
2018

Reading 5–7 Arsenal (2012)",
,"1968
1969
1987
1988
1993
2007
2011
2018",
,Reading 5–7 Arsenal (2012),
,"1930
1931
1933
1934
1935
1936
1938
1948
1953
1979
1989
1991
1993
1998
1999
2002
2003
2004
2005
2014
2015
2017
2020
2023",
,"Leicester City 6–6 Arsenal (1930)
Aston Villa 1–7 Arsenal (1935)
Liverpool 0–2 Arsenal (1989)
Manchester United–Arsenal brawl (1990)
Battle of Old Trafford (2003)
Battle of the Buffet (2004)
Manchester United 8–2 Arsenal (2011)",
,"UEFA Champions League Final
2006
UEFA Cup Winners' Cup Finals
1980
1994
1995
UEFA Europa League Finals
2000
2019
Inter-Cities Fairs Cup Final
1970
European Super Cup
1994

2006

1980
1994
1995

2000
2019

1970

1994",
,2006,
,"1980
1994
1995",
,"2000
2019",
,1970,
,1994,
,"FL War Cup Final
1941
1943
MLS All-Star Game
2016
2023

1941
1943

2016
2023",
,"1941
1943",
,"2016
2023",
,"Finals
1927
1930
1932
1936
1950
1952
1971
1972
1978
1979
1980
1993
1998
2001
2002
2003
2005
2014
2015
2017
2020
Knockout
Wrexham 2–1 Arsenal (1992)
Arsenal 1–2 Manchester United (1999)

1927
1930
1932
1936
1950
1952
1971
1972
1978
1979
1980
1993
1998
2001
2002
2003
2005
2014
2015
2017
2020

Wrexham 2–1 Arsenal (1992)
Arsenal 1–2 Manchester United (1999)",
,"1927
1930
1932
1936
1950
1952
1971
1972
1978
1979
1980
1993
1998
2001
2002
2003
2005
2014
2015
2017
2020",
,"Wrexham 2–1 Arsenal (1992)
Arsenal 1–2 Manchester United (1999)",
,"Finals
1968
1969
1987
1988
1993
2007
2011
2018
Knockout
Reading 5–7 Arsenal (2012)

1968
1969
1987
1988
1993
2007
2011
2018

Reading 5–7 Arsenal (2012)",
,"1968
1969
1987
1988
1993
2007
2011
2018",
,Reading 5–7 Arsenal (2012),
,"1930
1931
1933
1934
1935
1936
1938
1948
1953
1979
1989
1991
1993
1998
1999
2002
2003
2004
2005
2014
2015
2017
2020
2023",
,"Leicester City 6–6 Arsenal (1930)
Aston Villa 1–7 Arsenal (1935)
Liverpool 0–2 Arsenal (1989)
Manchester United–Arsenal brawl (1990)
Battle of Old Trafford (2003)
Battle of the Buffet (2004)
Manchester United 8–2 Arsenal (2011)",
,"1927
1930
1932
1936
1950
1952
1971
1972
1978
1979
1980
1993
1998
2001
2002
2003
2005
2014
2015
2017
2020",
,"Wrexham 2–1 Arsenal (1992)
Arsenal 1–2 Manchester United (1999)",
,"1968
1969
1987
1988
1993
2007
2011
2018",
,Reading 5–7 Arsenal (2012),
,2006,
,"1980
1994
1995",
,"2000
2019",
,1970,
,1994,
,"1941
1943",
,"2016
2023",
,,
,"1886–87
1887–88
1888–89
1889–90
1890–91
1891–92
1892–93",
,"1893–94
1894–95
1895–96
1896–97
1897–98
1898–99
1899–1900
1900–01
1901–02
1902–03
1903–04
1904–05
1905–06
1906–07
1907–08
1908–09
1909–10
1910–11
1911–12
1912–13
1913–14",
,"1914–15
1915–16
1916–17
1917–18
1918–19
1919–20
1920–21
1921–22
1922–23
1923–24
1924–25
1925–26
1926–27
1927–28
1928–29
1929–30
1930–31
1931–32
1932–33
1933–34
1934–35
1935–36
1936–37
1937–38
1938–39
1939–40
1940–41
1941–42
1942–43
1943–44
1944–45
1945–46
1946–47
1947–48
1948–49
1949–50
1950–51
1951–52
1952–53
1953–54
1954–55
1955–56
1956–57
1957–58
1958–59
1959–60
1960–61
1961–62
1962–63
1963–64
1964–65
1965–66
1966–67
1967–68
1968–69
1969–70
1970–71
1971–72
1972–73
1973–74
1974–75
1975–76
1976–77
1977–78
1978–79
1979–80
1980–81
1981–82
1982–83
1983–84
1984–85
1985–86
1986–87
1987–88
1988–89
1989–90
1990–91
1991–92
1992–93
1993–94
1994–95
1995–96
1996–97
1997–98
1998–99
1999–2000
2000–01
2001–02
2002–03
2003–04
2004–05
2005–06
2006–07
2007–08
2008–09
2009–10
2010–11
2011–12
2012–13
2013–14
2014–15
2015–16
2016–17
2017–18
2018–19
2019–20
2020–21
2021–22
2022–23
2023–24
2024–25",
,,
"1967: McLintock
1968: Radford
1969: Simpson
1970: Armstrong
1971: Wilson
1972: Rice
1973: Radford
1974: Ball
1975: Rimmer
1976: Brady
1977: Stapleton
1978: Brady
1979: Brady
1980: Stapleton
1981: Sansom
1982: Hollins
1983: Woodcock
1984: Nicholas
1985: Robson
1986: Rocastle
1987: Adams
1988: Thomas
1989: Smith
1990: Adams
1991: Bould
1992: Wright
1993: Wright
1994: Adams
1995: Seaman
1996: Keown
1997: Bergkamp
1998: Parlour
1999: Winterburn
2000: Henry
2001: Vieira
2002: Pires
2003: Henry
2004: Henry
2005: Henry
2006: Lehmann
2007: Fàbregas
2008: Flamini
2009: Van Persie
2010: Fàbregas
2011: Wilshere
2012: Van Persie
2013: Cazorla
2014: Ramsey
2015: Sánchez
2016: Özil
2017: Sánchez
2018: Ramsey
2019: Lacazette
2020: Aubameyang
2021: Saka
2022: Saka
2023: Ødegaard
2024: Ødegaard",,
,,
,"1955–58:  Barcelona
1958–60:  Barcelona",
,"1960–61:  Roma
1961–62:  Valencia
1962–63:  Valencia
1963–64:  Real Zaragoza
1964–65:  Ferencváros
1965–66:  Barcelona
1966–67:  Dinamo Zagreb
1967–68:  Leeds United
1968–69:  Newcastle United
1969–70:  Arsenal",
,1970–71:  Leeds United,
,,
,"1960–61:  Fiorentina
1961–62:  Atlético Madrid
1962–63:  Tottenham Hotspur
1963–64:  Sporting CP
1964–65:  West Ham United
1965–66:  Borussia Dortmund
1966–67:  Bayern Munich
1967–68:  AC Milan
1968–69:  Slovan Bratislava
1969–70:  Manchester City",
,"1970–71:  Chelsea
1971–72:  Rangers
1972–73:  AC Milan
1973–74:  1. FC Magdeburg
1974–75:  Dynamo Kyiv
1975–76:  Anderlecht
1976–77:  Hamburger SV
1977–78:  Anderlecht
1978–79:  Barcelona
1979–80:  Valencia",
,"1980–81:  Dinamo Tbilisi
1981–82:  Barcelona
1982–83:  Aberdeen
1983–84:  Juventus
1984–85:  Everton
1985–86:  Dynamo Kyiv
1986–87:  Ajax
1987–88:  Mechelen
1988–89:  Barcelona
1989–90:   Sampdoria",
,"1990–91:  Manchester United
1991–92:  Werder Bremen
1992–93:  Parma
1993–94:  Arsenal
1994–95:  Zaragoza
1995–96:  Paris Saint-Germain
1996–97:  Barcelona
1997–98:  Chelsea
1998–99:  Lazio",
,,
,"1992–93
1993–94
1994–95
1995–96
1996–97
1997–98
1998–99
1999–2000
2000–01
2001–02
2002–03
2003–04
2004–05
2005–06
2006–07
2007–08
2008–09
2009–10
2010–11
2011–12
2012–13
2013–14
2014–15
2015–16
2016–17
2017–18
2018–19
2019–20
2020–21
2021–22
2022–23
2023–24
2024–25",
,"2024–25
Arsenal
Aston Villa
Bournemouth
Brentford
Brighton & Hove Albion
Chelsea
Crystal Palace
Everton
Fulham
Ipswich Town
Leicester City
Liverpool
Manchester City
Manchester United
Newcastle United
Nottingham Forest
Southampton
Tottenham Hotspur
West Ham United
Wolverhampton Wanderers
Former
Barnsley
Birmingham City
Blackburn Rovers
Blackpool
Bolton Wanderers
Bradford City
Burnley
Cardiff City
Charlton Athletic
Coventry City
Derby County
Huddersfield Town
Hull City
Leeds United 
Luton Town
Middlesbrough
Norwich City
Oldham Athletic
Portsmouth
Queens Park Rangers
Reading
Sheffield United
Sheffield Wednesday
Stoke City
Sunderland
Swansea City
Swindon Town
Watford
West Bromwich Albion
Wigan Athletic
Wimbledon (defunct)

Arsenal
Aston Villa
Bournemouth
Brentford
Brighton & Hove Albion
Chelsea
Crystal Palace
Everton
Fulham
Ipswich Town
Leicester City
Liverpool
Manchester City
Manchester United
Newcastle United
Nottingham Forest
Southampton
Tottenham Hotspur
West Ham United
Wolverhampton Wanderers

Barnsley
Birmingham City
Blackburn Rovers
Blackpool
Bolton Wanderers
Bradford City
Burnley
Cardiff City
Charlton Athletic
Coventry City
Derby County
Huddersfield Town
Hull City
Leeds United 
Luton Town
Middlesbrough
Norwich City
Oldham Athletic
Portsmouth
Queens Park Rangers
Reading
Sheffield United
Sheffield Wednesday
Stoke City
Sunderland
Swansea City
Swindon Town
Watford
West Bromwich Albion
Wigan Athletic
Wimbledon (defunct)",
,"Arsenal
Aston Villa
Bournemouth
Brentford
Brighton & Hove Albion
Chelsea
Crystal Palace
Everton
Fulham
Ipswich Town
Leicester City
Liverpool
Manchester City
Manchester United
Newcastle United
Nottingham Forest
Southampton
Tottenham Hotspur
West Ham United
Wolverhampton Wanderers",
,"Barnsley
Birmingham City
Blackburn Rovers
Blackpool
Bolton Wanderers
Bradford City
Burnley
Cardiff City
Charlton Athletic
Coventry City
Derby County
Huddersfield Town
Hull City
Leeds United 
Luton Town
Middlesbrough
Norwich City
Oldham Athletic
Portsmouth
Queens Park Rangers
Reading
Sheffield United
Sheffield Wednesday
Stoke City
Sunderland
Swansea City
Swindon Town
Watford
West Bromwich Albion
Wigan Athletic
Wimbledon (defunct)",
,"Teams
winners
performance record
Players
foreign
foreign scorers
winners
Managers
current
Stadiums
Founding
Broadcasters
overseas
in the U.S.
Productions
Referees",
,"Records
All-time table
Hat-tricks
Highest scores
Golden Boot
Golden Glove
Manager of the Season
Player of the Season
Young Player of the Season
Playmaker of the Season
Goal of the Season
Save of the Season
Game Changer of the Season
Most Powerful Goal
Manager of the Month
Player of the Month
Goal of the Month
Save of the Month
Players with 100+ goals
Players with 500+ appearances
Top scorers by season
Goalkeepers with 100+ clean sheets
Goalkeepers who have scored a goal
10 Seasons Awards
20 Seasons Awards
Hall of Fame",
,"Richest clubs:
Deloitte list
Forbes list
Team owners
Transfer records
Game 39
Premier League–Football League gulf
Parachute and solidarity payments",
,"Fantasy Premier League
Asia Trophy
FA Community Shield
FA Cup
EFL Cup
UEFA Champions League
UEFA Europa League
UEFA Conference League
Premier League 2
Premier League Cup
Premier Reserve League (defunct)
U18 Premier League
Premier League International Cup
Summer Series",
,Fever Pitch: The Rise of the Premier League,
Category,,
,"Arsenal
Aston Villa
Bournemouth
Brentford
Brighton & Hove Albion
Chelsea
Crystal Palace
Everton
Fulham
Ipswich Town
Leicester City
Liverpool
Manchester City
Manchester United
Newcastle United
Nottingham Forest
Southampton
Tottenham Hotspur
West Ham United
Wolverhampton Wanderers",
,"Barnsley
Birmingham City
Blackburn Rovers
Blackpool
Bolton Wanderers
Bradford City
Burnley
Cardiff City
Charlton Athletic
Coventry City
Derby County
Huddersfield Town
Hull City
Leeds United 
Luton Town
Middlesbrough
Norwich City
Oldham Athletic
Portsmouth
Queens Park Rangers
Reading
Sheffield United
Sheffield Wednesday
Stoke City
Sunderland
Swansea City
Swindon Town
Watford
West Bromwich Albion
Wigan Athletic
Wimbledon (defunct)",
,,
,"Ajax
 Barcelona
 Bayern Munich
 Borussia Dortmund
 Inter Milan
 Juventus
 Liverpool
 Manchester United
 Marseille
 AC Milan
 Paris Saint-Germain
 Porto
 PSV Eindhoven
 Real Madrid",
,"Arsenal
 Bayer Leverkusen
 Lyon
 Valencia",
,,
,"1
Arsenal
Brentford
Chelsea
Crystal Palace
Fulham
Tottenham Hotspur
West Ham United
2
Millwall
Queens Park Rangers
3
Charlton Athletic
Leyton Orient
4
AFC Wimbledon
Bromley

Arsenal
Brentford
Chelsea
Crystal Palace
Fulham
Tottenham Hotspur
West Ham United

Millwall
Queens Park Rangers

Charlton Athletic
Leyton Orient

AFC Wimbledon
Bromley",
,"Arsenal
Brentford
Chelsea
Crystal Palace
Fulham
Tottenham Hotspur
West Ham United",
,"Millwall
Queens Park Rangers",
,"Charlton Athletic
Leyton Orient",
,"AFC Wimbledon
Bromley",
,"5
Barnet
Dagenham & Redbridge
Sutton United
Wealdstone
6
Enfield Town
Hampton & Richmond Borough
Hornchurch
Welling United
7
Carshalton Athletic
Cray Valley Paper Mills
Cray Wanderers
Dulwich Hamlet
Hanwell Town
Hendon
Wingate & Finchley
8
AFC Croydon Athletic
Beckenham Town
Erith Town
Hadley
Hanworth Villa
Haringey Borough
Harrow Borough
Hayes & Yeading United
Kingstonian
Northwood
Phoenix Sports
Rayners Lane
Raynes Park Vale
Redbridge
Sutton Common Rovers
Uxbridge
Walthamstow

Barnet
Dagenham & Redbridge
Sutton United
Wealdstone

Enfield Town
Hampton & Richmond Borough
Hornchurch
Welling United

Carshalton Athletic
Cray Valley Paper Mills
Cray Wanderers
Dulwich Hamlet
Hanwell Town
Hendon
Wingate & Finchley

AFC Croydon Athletic
Beckenham Town
Erith Town
Hadley
Hanworth Villa
Haringey Borough
Harrow Borough
Hayes & Yeading United
Kingstonian
Northwood
Phoenix Sports
Rayners Lane
Raynes Park Vale
Redbridge
Sutton Common Rovers
Uxbridge
Walthamstow",
,"Barnet
Dagenham & Redbridge
Sutton United
Wealdstone",
,"Enfield Town
Hampton & Richmond Borough
Hornchurch
Welling United",
,"Carshalton Athletic
Cray Valley Paper Mills
Cray Wanderers
Dulwich Hamlet
Hanwell Town
Hendon
Wingate & Finchley",
,"AFC Croydon Athletic
Beckenham Town
Erith Town
Hadley
Hanworth Villa
Haringey Borough
Harrow Borough
Hayes & Yeading United
Kingstonian
Northwood
Phoenix Sports
Rayners Lane
Raynes Park Vale
Redbridge
Sutton Common Rovers
Uxbridge
Walthamstow",
,"London derbies
Arsenal–Chelsea
Chelsea–Tottenham
Millwall–West Ham
North
South
East
West",
,"London Senior Cup
London Intermediate Cup
London Junior Cup
London Charity Cup (defunct)
London Challenge Cup (defunct)",
,"The Football Combination
London Football Association
London XI
London League (defunct)
West London League (defunct)",
,"Arsenal
Brentford
Chelsea
Crystal Palace
Fulham
Tottenham Hotspur
West Ham United",
,"Millwall
Queens Park Rangers",
,"Charlton Athletic
Leyton Orient",
,"AFC Wimbledon
Bromley",
,"Barnet
Dagenham & Redbridge
Sutton United
Wealdstone",
,"Enfield Town
Hampton & Richmond Borough
Hornchurch
Welling United",
,"Carshalton Athletic
Cray Valley Paper Mills
Cray Wanderers
Dulwich Hamlet
Hanwell Town
Hendon
Wingate & Finchley",
,"AFC Croydon Athletic
Beckenham Town
Erith Town
Hadley
Hanworth Villa
Haringey Borough
Harrow Borough
Hayes & Yeading United
Kingstonian
Northwood
Phoenix Sports
Rayners Lane
Raynes Park Vale
Redbridge
Sutton Common Rovers
Uxbridge
Walthamstow",
,,
Founded in 1999,,
,"Los Angeles Rams (NFL) (1999–present)
Denver Nuggets (NBA) (2000–present)
Colorado Avalanche (NHL) (2000–present)
Colorado Mammoth (NLL) (2003–present)
Colorado Rapids (MLS) (2004–present)
Arsenal F.C. (Premier League) (2011–present)
Arsenal W.F.C. (FA WSL) (2011–present)
Los Angeles Gladiators (OWL) (2017–present)
Los Angeles Guerrillas (CDL) (2019-present)",
,"SoFi Stadium
Emirates Stadium
London Colney
Highbury Square
Ball Arena
Dick's Sporting Goods Park
Paramount Theatre
Warner Center complex
YouTube Theater
1stBank Center (operator)",
,"Stan Kroenke
Ann Walton Kroenke
Josh Kroenke",
,"Television
Altitude Sports and Entertainment
Outdoor Sportsman Group
Sportsman Channel
Canada (JV)
Outdoor Channel
MyOutdoorTV.com
World Fishing Network
Radio
KSE Radio Ventures, LLC
KKSE
KKSE-FM
KXKL-FM
KIMN
Magazines
Outdoor Sportsman Group
Bowhunter
Bass Fan
Firearms News
Florida Sportsman
Fly Fisherman
Game & Fish
Guns & Ammo
Gun Dog
Guns & Ammo: Handguns
In-Fisherman
North American Whitetail
Petersen's Bowhunting
Petersen's Hunting
Rifle Shooter
Shallow Water Angler
Shooting Times
Shotgun News
Walleye In-Sider
Wildfowl

Altitude Sports and Entertainment
Outdoor Sportsman Group
Sportsman Channel
Canada (JV)
Outdoor Channel
MyOutdoorTV.com
World Fishing Network

KSE Radio Ventures, LLC
KKSE
KKSE-FM
KXKL-FM
KIMN

Outdoor Sportsman Group
Bowhunter
Bass Fan
Firearms News
Florida Sportsman
Fly Fisherman
Game & Fish
Guns & Ammo
Gun Dog
Guns & Ammo: Handguns
In-Fisherman
North American Whitetail
Petersen's Bowhunting
Petersen's Hunting
Rifle Shooter
Shallow Water Angler
Shooting Times
Shotgun News
Walleye In-Sider
Wildfowl",
,"Altitude Sports and Entertainment
Outdoor Sportsman Group
Sportsman Channel
Canada (JV)
Outdoor Channel
MyOutdoorTV.com
World Fishing Network",
,"KSE Radio Ventures, LLC
KKSE
KKSE-FM
KXKL-FM
KIMN",
,"Outdoor Sportsman Group
Bowhunter
Bass Fan
Firearms News
Florida Sportsman
Fly Fisherman
Game & Fish
Guns & Ammo
Gun Dog
Guns & Ammo: Handguns
In-Fisherman
North American Whitetail
Petersen's Bowhunting
Petersen's Hunting
Rifle Shooter
Shallow Water Angler
Shooting Times
Shotgun News
Walleye In-Sider
Wildfowl",
,"Ownership of Arsenal F.C. & W.F.C.
Skycam",
,"Altitude Sports and Entertainment
Outdoor Sportsman Group
Sportsman Channel
Canada (JV)
Outdoor Channel
MyOutdoorTV.com
World Fishing Network",
,"KSE Radio Ventures, LLC
KKSE
KKSE-FM
KXKL-FM
KIMN",
,"Outdoor Sportsman Group
Bowhunter
Bass Fan
Firearms News
Florida Sportsman
Fly Fisherman
Game & Fish
Guns & Ammo
Gun Dog
Guns & Ammo: Handguns
In-Fisherman
North American Whitetail
Petersen's Bowhunting
Petersen's Hunting
Rifle Shooter
Shallow Water Angler
Shooting Times
Shotgun News
Walleye In-Sider
Wildfowl",
,,
,VIAF,
,GermanyUnited StatesCzech RepublicIsraelFinland,
,IdRef,
